{"cameraMode":{"drawMode":0,"name":"Shaded","section":"Shading Mode"},"sceneLighting":false,"audioPlay":false,"sceneViewState":{"showFog":true,"showMaterialUpdate":false,"showSkybox":false,"showFlares":true,"showImageEffects":true,"showParticleSystems":true},"in2DMode":false,"pivot":{"x":22.74651336669922,"y":2.8619017601013185,"z":-39.439849853515628},"rotation":{"x":0.0020747212693095209,"y":-0.9977876543998718,"z":0.053048569709062579,"w":0.041696757078170779},"size":11.875866889953614,"orthographic":false}